﻿{"cameraMode":{"drawMode":0,"name":"Shaded","section":"Shading Mode"},"sceneLighting":true,"audioPlay":false,"sceneViewState":{"showFog":false,"showMaterialUpdate":false,"showSkybox":false,"showFlares":false,"showImageEffects":false,"showParticleSystems":false},"in2DMode":false,"pivot":{"x":465.6449890136719,"y":410.05499267578127,"z":0.0},"rotation":{"x":0.03718042001128197,"y":-0.00839761272072792,"z":-0.0003131219418719411,"w":-0.9992771148681641},"size":1566.5218505859375,"orthographic":false}